{
  "modellist": [
    {
      "location": "models/mmd/るいのれ式物述有栖_配布用フォルダ/物述有栖.pmx",
      "eyebrow_troubled_left": 1,
      "eyebrow_troubled_right": 1,
      "eyebrow_angry_left": 3,
      "eyebrow_angry_right": 3,
      "eyebrow_serious_left": 0,
      "eyebrow_serious_right": 0,
      "eyebrow_happy_left": 2,
      "eyebrow_happy_right": 2,
      "eyebrow_lowered_left": 16,
      "eyebrow_lowered_right": 17,
      "eyebrow_raised_left": 4,
      "eyebrow_raised_right": 4,
      "eye_wink_left": 35,
      "eye_wink_right": 36,
      "eye_happy_wink_left": 37,
      "eye_happy_wink_right": 37,
      "eye_relaxed_left": 56,
      "eye_relaxed_right": 56,
      "eye_unimpressed_left": 42,
      "eye_unimpressed_right": 42,
      "eye_raised_lower_eyelid_left": 86,
      "eye_raised_lower_eyelid_right": 86,
      "eye_surprised_left": 46,
      "eye_surprised_right": 46,
      "iris_small_left": 92,
      "iris_small_right": 92,
      "mouth_aaa": 111,
      "mouth_iii": 112,
      "mouth_uuu": 113,
      "mouth_eee": 114,
      "mouth_ooo": 115,
      "mouth_delta": 125,
      "mouth_smirk": 130,
      "mouth_raised_corner_left": 185,
      "mouth_raised_corner_right": 187,
      "mouth_lowered_corner_left": 186,
      "mouth_lowered_corner_right": 188,
      "RXNA": -14.8,
      "LXNA": -14.8,
      "RXPA": 16.7,
      "LXPA": 16.7,
      "RYNA": -10.2,
      "LYNA": -21.2,
      "RYPA": 21.2,
      "LYPA": 10.2
    },
    {
      "location": "models/mmd/kizunaai/kizunaai.pmx",
      "eyebrow_troubled_left": 24,
      "eyebrow_troubled_right": 24,
      "eyebrow_angry_left": 25,
      "eyebrow_angry_right": 25,
      "eyebrow_serious_left": -1,
      "eyebrow_serious_right": -1,
      "eyebrow_happy_left": 22,
      "eyebrow_happy_right": 22,
      "eyebrow_lowered_left": -1,
      "eyebrow_lowered_right": -1,
      "eyebrow_raised_left": 23,
      "eyebrow_raised_right": 23,
      "eye_wink_left": 2,
      "eye_wink_right": 3,
      "eye_happy_wink_left": 0,
      "eye_happy_wink_right": 0,
      "eye_relaxed_left": -1,
      "eye_relaxed_right": -1,
      "eye_unimpressed_left": 8,
      "eye_unimpressed_right": 8,
      "eye_raised_lower_eyelid_left": -1,
      "eye_raised_lower_eyelid_right": -1,
      "eye_surprised_left": 6,
      "eye_surprised_right": 6,
      "iris_small_left": 30,
      "iris_small_right": 30,
      "mouth_aaa": 9,
      "mouth_iii": 10,
      "mouth_uuu": 11,
      "mouth_eee": 12,
      "mouth_ooo": 13,
      "mouth_delta": 17,
      "mouth_smirk": -1,
      "mouth_raised_corner_left": -1,
      "mouth_raised_corner_right": -1,
      "mouth_lowered_corner_left": 19,
      "mouth_lowered_corner_right": 19,
      "RXNA": -8.4,
      "LXNA": -8.4,
      "RXPA": 11.4,
      "LXPA": 11.4,
      "RYNA": -8,
      "LYNA": -12.6,
      "RYPA": 12.6,
      "LYPA": 8
    },
    {
      "location": "models/mmd/『天宮こころ(Kokoro Amamiya)』/『天宮こころ(Kokoro Amamiya)』.pmx",
      "eyebrow_troubled_left": 19,
      "eyebrow_troubled_right": 19,
      "eyebrow_angry_left": 18,
      "eyebrow_angry_right": 18,
      "eyebrow_serious_left": -1,
      "eyebrow_serious_right": -1,
      "eyebrow_happy_left": -1,
      "eyebrow_happy_right": -1,
      "eyebrow_lowered_left": 16,
      "eyebrow_lowered_right": 16,
      "eyebrow_raised_left": 14,
      "eyebrow_raised_right": 14,
      "eye_wink_left": 0,
      "eye_wink_right": 1,
      "eye_happy_wink_left": 2,
      "eye_happy_wink_right": 2,
      "eye_relaxed_left": -1,
      "eye_relaxed_right": -1,
      "eye_unimpressed_left": 6,
      "eye_unimpressed_right": 6,
      "eye_raised_lower_eyelid_left": -1,
      "eye_raised_lower_eyelid_right": -1,
      "eye_surprised_left": -1,
      "eye_surprised_right": -1,
      "iris_small_left": -1,
      "iris_small_right": -1,
      "mouth_aaa": 7,
      "mouth_iii": 8,
      "mouth_uuu": 9,
      "mouth_eee": 10,
      "mouth_ooo": 11,
      "mouth_delta": -1,
      "mouth_smirk": -1,
      "mouth_raised_corner_left": -1,
      "mouth_raised_corner_right": -1,
      "mouth_lowered_corner_left": -1,
      "mouth_lowered_corner_right": -1,
      "RXNA": -8.4,
      "LXNA": -8.4,
      "RXPA": 11.4,
      "LXPA": 11.4,
      "RYNA": -8,
      "LYNA": -12.6,
      "RYPA": 12.6,
      "LYPA": 8
    }
  ]
}